Product,Review
Sofá Clásico,"Muy cómodo y elegante, se ve genial en mi sala."
Lámpara de Pie,Ilumina muy bien y tiene un diseño moderno que me encanta.
Mesa de Centro,"Perfecta para mi sala, el tamaño y el diseño son ideales."
Silla de Comedor,"Muy cómoda y robusta, ideal para largas cenas."
Estantería Moderna,Gran capacidad de almacenamiento y fácil de ensamblar.
Lámpara de Techo,"Añade un toque elegante a la habitación, la luz es perfecta."
Alfombra Persa,"Muy suave y con un diseño hermoso, añade calidez a la habitación."
Silla Reclinable,"Extremadamente cómoda, perfecta para leer o ver TV."
Mesa Auxiliar,"Práctica y funcional, ideal para pequeños espacios."
Lámpara de Mesa,El diseño es elegante y proporciona una buena iluminación para leer.
Mesa de Comedor,"Amplia y robusta, perfecta para cenas familiares."
Sillón de Cuero,El cuero es de alta calidad y muy cómodo para sentarse.
Espejo Decorativo,Añade un toque de elegancia y hace que la habitación se vea más grande.
Taburete de Bar,"Muy cómodo y ajustable en altura, perfecto para mi cocina."
Mueble TV,Gran espacio de almacenamiento y muy funcional.